{
    "exact_match": 0.0,
    "f1": 19.605137395459973,
    "duration": 60.448686361312866
}