{
    "exact_match": 0.0,
    "f1": 17.013729246487866,
    "duration": 76.3023009300232
}