{
    "exact_match": 13.6,
    "f1": 34.21937683266796,
    "duration": 5330.690874814987
}