{
    "exact_match": 20.0,
    "f1": 37.96507936507937,
    "duration": 29.316590785980225,
    "devices": [
        "NVIDIA GeForce RTX 3060",
        "NVIDIA GeForce RTX 3060"
    ]
}