{
    "exact_match": 19.5,
    "f1": 33.219900530316636,
    "duration": 2617.688798904419,
    "devices": [
        "NVIDIA GeForce RTX 3060",
        "NVIDIA GeForce RTX 3060"
    ]
}