{
    "exact_match": 29.3,
    "f1": 43.739786034293864,
    "duration": 3572.676742076874,
    "devices": [
        "NVIDIA RTX A4000"
    ]
}