{
    "exact_match": 0.0,
    "f1": 5.8465608465608465,
    "duration": 57.08164834976196
}