{
    "exact_match": 1.4,
    "f1": 10.9725111585297,
    "duration": 5083.582844018936
}
