{"ppl": 6.186014175415039, "avg_nll": 1.8222908973693848}